"Numer","Wartość","Data (Data rozpoczęcia)","Termin zakończenia","Norma rbh do wykonania [h]"
"1906/E/08/21","E09","2021-10-11","2021-10-12 11:52","18:19"
"264/E/09/21","E05","2021-10-11","2021-10-11 07:11","1:45"
"266/E/09/21","E09","2021-10-11","2021-10-11 10:23","5:41"
"719/E/09/21","E08","2021-10-11","2021-10-11 09:00","3:18"
"801/E/09/21","E10","2021-10-11","2021-10-11 13:22","9:34"
"970/E/09/21","E06","2021-10-11","2021-10-11 08:36","2:58"
"995/E/09/21","E07","2021-10-11","2021-10-11 11:12","5:54"
"1079/E/09/21","E07","2021-10-11","2021-10-11 07:51","2:02"
"1278/E/09/21","E05","2021-10-11","2021-10-11 11:19","4:22"
"1279/E/09/21","E05","2021-10-11","2021-10-11 09:23","4:22"
"1388/E/09/21","E09","2021-10-11","2021-10-11 09:37","4:15"
"1389/E/09/21","E09","2021-10-11","2021-10-11 09:30","4:15"
"1390/E/09/21","E09","2021-10-11","2021-10-11 09:44","4:15"
"1403/E/09/21","E07","2021-10-11","2021-10-11 10:30","3:59"
"1449/E/09/21","E09","2021-10-11","2021-10-11 07:20","1:36"
"1518/E/09/21","E04","2021-10-11","2021-10-11 09:51","0:53"
"1617/E/09/21","E02","2021-10-11","2021-10-11 18:09","0:36"
"1682/E/09/21","E02","2021-10-11","2021-10-11 18:30","0:35"
"1708/E/09/21","E02","2021-10-11","2021-10-11 18:37","0:35"
"1733/E/09/21","E07","2021-10-11","2021-10-12 06:50","3:17"
"1734/E/09/21","E07","2021-10-11","2021-10-12 11:06","3:41"
"1737/E/09/21","E09","2021-10-11","2021-10-11 10:03","5:18"
"1750/E/09/21","E05","2021-10-12","2021-10-12 14:54","3:53"
"1751/E/09/21","E05","2021-10-12","2021-10-12 15:01","3:53"
"1774/E/09/21","E08","2021-10-11","2021-10-11 07:41","1:15"
"1799/E/09/21","E02","2021-10-12","2021-10-12 15:15","1:16"
"1819/E/09/21","E07","2021-10-12","2021-10-12 15:29","2:51"
"1850/E/09/21","E08","2021-10-11","2021-10-11 07:58","1:15"
"1911/E/09/21","E05","2021-10-12","2021-10-12 16:39","1:28"
"1912/E/09/21","E05","2021-10-12","2021-10-12 16:32","3:53"
"1921/E/09/21","E05","2021-10-12","2021-10-12 16:18","4:20"
"1922/E/09/21","E05","2021-10-12","2021-10-12 16:25","3:26"
"1940/E/09/21","E05","2021-10-13","2021-10-13 17:28","0:30"
"1941/E/09/21","E05","2021-10-13","2021-10-13 17:21","0:34"
"1942/E/09/21","E05","2021-10-13","2021-10-13 17:14","0:20"
"1964/E/09/21","E08","2021-10-12","2021-10-12 15:08","5:31"
"1998/E/09/21","E05","2021-10-13","2021-10-13 17:42","1:41"
"2011/E/09/21","E02","2021-10-13","2021-10-13 18:38","1:19"
"2013/E/09/21","E08","2021-10-13","2021-10-13 18:17","4:46"
"2014/E/09/21","E07","2021-10-11","2021-10-12 11:34","3:56"
"2040/E/09/21","E05","2021-10-13","2021-10-13 18:24","1:57"
"2052/E/09/21","E06","2021-10-12","2021-10-12 17:00","3:40"
"2053/E/09/21","E08","2021-10-13","2021-10-13 18:45","3:56"
"2076/E/09/21","E06","2021-10-14","2021-10-14 15:28","1:12"
"2083/E/09/21","E06","2021-10-13","2021-10-14 14:32","1:16"
"2085/E/09/21","E08","2021-10-14","2021-10-14 14:11","3:33"
"2086/E/09/21","E02","2021-10-14","2021-10-14 15:49","1:43"
"2092/E/09/21","E02","2021-10-14","2021-10-14 15:56","0:45"
"2094/E/09/21","E07","2021-10-14","2021-10-14 16:24","5:20"
"2095/E/09/21","E07","2021-10-14","2021-10-14 16:31","5:20"
"2097/E/09/21","E07","2021-10-14","2021-10-14 16:45","5:20"
"2099/E/09/21","E07","2021-10-14","2021-10-14 16:03","1:46"
"2106/E/09/21","E08","2021-10-13","2021-10-14 14:25","5:27"
"2108/E/09/21","E04","2021-10-13","2021-10-13 19:20","0:42"
"2109/E/09/21","E05","2021-10-14","2021-10-14 16:52","1:55"
"2113/E/09/21","E05","2021-10-14","2021-10-14 15:21","1:13"
"2117/E/09/21","E05","2021-10-13","2021-10-13 19:34","1:36"
"2118/E/09/21","E04","2021-10-14","2021-10-14 17:13","3:34"
"2119/E/09/21","E05","2021-10-14","2021-10-14 17:06","2:05"
"2120/E/09/21","E03","2021-10-14","2021-10-14 16:59","2:05"
"2121/E/09/21","E02","2021-10-14","2021-10-14 17:41","2:11"
"2126/E/09/21","E05","2021-10-14","2021-10-14 18:30","2:02"
"2139/E/09/21","E07","2021-10-14","2021-10-14 18:23","3:57"
"2140/E/09/21","E07","2021-10-14","2021-10-14 18:16","3:57"
"2154/E/09/21","E07","2021-10-14","2021-10-14 18:37","2:21"
"2155/E/09/21","E07","2021-10-14","2021-10-14 18:02","3:50"
"2156/E/09/21","E07","2021-10-14","2021-10-14 18:09","3:05"
"2169/E/09/21","E05","2021-10-14","2021-10-14 18:44","0:30"
"2173/E/09/21","E04","2021-10-13","2021-10-13 19:41","4:38"
"2174/E/09/21","E04","2021-10-13","2021-10-13 19:48","3:50"
"2175/E/09/21","E05","2021-10-14","2021-10-14 17:48","1:46"
"2176/E/09/21","E04","2021-10-14","2021-10-15 10:36","1:02"
"2177/E/09/21","E05","2021-10-14","2021-10-15 10:29","2:14"
"2178/E/09/21","E05","2021-10-15","2021-10-15 11:18","4:37"
"2179/E/09/21","E04","2021-10-15","2021-10-15 11:11","0:53"
"2180/E/09/21","E03","2021-10-14","2021-10-14 19:12","2:59"
"2181/E/09/21","E05","2021-10-14","2021-10-14 19:05","2:25"
"2182/E/09/21","E05","2021-10-14","2021-10-14 18:58","1:32"
"2183/E/09/21","E02","2021-10-14","2021-10-14 18:51","0:48"
"2184/E/09/21","E02","2021-10-15","2021-10-15 11:04","1:29"
"2185/E/09/21","E03","2021-10-15","2021-10-15 10:57","1:00"
"2191/E/09/21","E05","2021-10-15","2021-10-15 12:07","4:08"
"2192/E/09/21","E05","2021-10-15","2021-10-15 12:00","4:08"
"2193/E/09/21","E03","2021-10-15","2021-10-15 11:46","4:20"
"2194/E/09/21","E03","2021-10-15","2021-10-15 11:53","0:44"
"2195/E/09/21","E05","2021-10-15","2021-10-15 11:39","4:20"
"2196/E/09/21","E05","2021-10-15","2021-10-15 11:25","4:20"
"2197/E/09/21","E05","2021-10-15","2021-10-15 11:32","2:20"
"2199/E/09/21","E05","2021-10-15","2021-10-15 12:56","2:04"
"2200/E/09/21","E07","2021-10-15","2021-10-15 12:14","3:36"
"2201/E/09/21","E09","2021-10-15","2021-10-15 10:50","5:22"
"2202/E/09/21","E07","2021-10-15","2021-10-15 13:10","2:54"
"2203/E/09/21","E05","2021-10-15","2021-10-15 13:03","2:15"
"2204/E/09/21","E07","2021-10-13","2021-10-14 06:55","5:16"
"2205/E/09/21","E06","2021-10-13","2021-10-13 20:02","2:53"
"2225/E/09/21","E02","2021-10-11","2021-10-11 07:34","1:00"
"2229/E/09/21","E05","2021-10-15","2021-10-15 13:24","2:37"
"2230/E/09/21","E07","2021-10-15","2021-10-15 13:17","4:04"
"2231/E/09/21","E05","2021-10-15","2021-10-15 12:49","1:08"
"2232/E/09/21","E05","2021-10-15","2021-10-15 12:42","1:08"
"2233/E/09/21","E05","2021-10-15","2021-10-15 12:35","1:13"
"2234/E/09/21","E04","2021-10-15","2021-10-15 12:21","0:34"
"2235/E/09/21","E02","2021-10-13","2021-10-13 19:55","1:48"
"2239/E/09/21","E05","2021-10-15","2021-10-15 13:52","1:13"
"2241/E/09/21","E08","2021-10-11","2021-10-11 15:42","4:00"
"2242/E/09/21","E08","2021-10-11","2021-10-11 15:49","1:15"
"2246/E/09/21","E02","2021-10-15","2021-10-15 13:59","0:53"
"2247/E/09/21","E02","2021-10-14","2021-10-15 10:15","1:01"
"2253/E/09/21","E02","2021-10-14","2021-10-15 10:43","1:33"
"2254/E/09/21","E04","2021-10-14","2021-10-15 10:22","1:37"
"2256/E/09/21","E05","2021-10-15","2021-10-18 07:04","4:11"
"2257/E/09/21","E05","2021-10-15","2021-10-18 06:57","1:59"
"2258/E/09/21","E06","2021-10-15","2021-10-15 12:28","3:33"
"2259/E/09/21","E05","2021-10-13","2021-10-13 17:07","0:56"
"2260/E/09/21","E05","2021-10-11","2021-10-11 18:44","0:27"
"2264/E/09/21","E09","2021-10-14","2021-10-14 19:26","4:40"
"2265/E/09/21","E09","2021-10-14","2021-10-14 19:19","4:45"
"2267/E/09/21","E06","2021-10-15","2021-10-15 14:06","2:57"
"2269/E/09/21","E02","2021-10-15","2021-10-15 16:05","3:23"
"2270/E/09/21","E04","2021-10-15","2021-10-15 15:58","0:38"
"2277/E/09/21","E08","2021-10-15","2021-10-15 13:45","4:53"
"2278/E/09/21","E08","2021-10-15","2021-10-15 13:31","4:27"
"2279/E/09/21","E08","2021-10-15","2021-10-15 13:38","4:27"
"2280/E/09/21","E07","2021-10-15","2021-10-15 16:12","4:12"
"2281/E/09/21","E07","2021-10-15","2021-10-15 16:19","4:12"
"2282/E/09/21","E07","2021-10-15","2021-10-15 15:51","3:31"
"2283/E/09/21","E05","2021-10-15","2021-10-15 14:13","1:42"
"2284/E/09/21","E02","2021-10-15","2021-10-15 16:26","1:04"
"2288/E/09/21","E05","2021-10-15","2021-10-15 15:44","1:02"
"2289/E/09/21","E02","2021-10-14","2021-10-15 09:05","4:09"
"2290/E/09/21","E05","2021-10-14","2021-10-15 06:28","2:30"
"2291/E/09/21","E05","2021-10-14","2021-10-15 06:21","2:30"
"2292/E/09/21","E05","2021-10-14","2021-10-15 06:07","2:30"
"2293/E/09/21","E05","2021-10-14","2021-10-15 06:14","2:30"
"2294/E/09/21","E05","2021-10-14","2021-10-15 07:20","2:30"
"2295/E/09/21","E05","2021-10-14","2021-10-15 07:27","2:30"
"2296/E/09/21","E05","2021-10-14","2021-10-14 19:40","2:30"
"2297/E/09/21","E05","2021-10-14","2021-10-14 19:33","2:30"
"2298/E/09/21","E05","2021-10-14","2021-10-15 08:58","2:30"
"2299/E/09/21","E05","2021-10-14","2021-10-15 08:51","2:30"
"2300/E/09/21","E08","2021-10-14","2021-10-15 08:37","3:56"
"2301/E/09/21","E08","2021-10-14","2021-10-15 08:44","3:56"
"2302/E/09/21","E08","2021-10-14","2021-10-15 08:02","3:56"
"2303/E/09/21","E08","2021-10-14","2021-10-15 07:55","3:56"
"2304/E/09/21","E08","2021-10-14","2021-10-15 08:16","3:56"
"2305/E/09/21","E08","2021-10-14","2021-10-15 08:09","3:56"
"2306/E/09/21","E08","2021-10-14","2021-10-15 08:23","3:56"
"2307/E/09/21","E08","2021-10-14","2021-10-15 08:30","3:56"
"2308/E/09/21","E08","2021-10-14","2021-10-15 07:46","3:56"
"2309/E/09/21","E08","2021-10-14","2021-10-15 07:39","3:56"
"2310/E/09/21","E03","2021-10-15","2021-10-15 16:40","1:34"
"2312/E/09/21","E04","2021-10-15","2021-10-15 17:15","1:09"
"2313/E/09/21","E04","2021-10-15","2021-10-15 17:08","0:42"
"2314/E/09/21","E05","2021-10-15","2021-10-15 17:01","3:49"
"2315/E/09/21","E05","2021-10-15","2021-10-15 16:54","1:11"
"2316/E/09/21","E09","2021-10-15","2021-10-15 16:47","1:36"
"2317/E/09/21","E02","2021-10-15","2021-10-15 17:22","1:25"
"2327/E/09/21","E03","2021-10-15","2021-10-15 17:43","4:43"
"2328/E/09/21","E07","2021-10-15","2021-10-15 17:36","3:00"
"2329/E/09/21","E07","2021-10-15","2021-10-15 17:29","3:10"
"2330/E/09/21","E03","2021-10-15","2021-10-18 06:26","4:16"
"2371/E/09/21","E03","2021-10-15","2021-10-18 07:18","4:31"
"2372/E/09/21","E03","2021-10-15","2021-10-18 08:24","4:31"
"2373/E/09/21","E03","2021-10-18","2021-10-18 08:31","1:26"
"2374/E/09/21","E05","2021-10-15","2021-10-18 08:59","3:51"
"2375/E/09/21","E05","2021-10-15","2021-10-18 08:52","2:42"
"2378/E/09/21","E06","2021-10-15","2021-10-15 17:50","1:41"
"2379/E/09/21","E05","2021-10-15","2021-10-18 09:06","4:27"
"2380/E/09/21","E05","2021-10-15","2021-10-15 18:53","0:59"
"2381/E/09/21","E08","2021-10-15","2021-10-15 17:57","2:47"
"2382/E/09/21","E05","2021-10-15","2021-10-15 16:33","1:10"
"2383/E/09/21","E08","2021-10-15","2021-10-18 07:25","4:29"
"2388/E/09/21","E06","2021-10-15","2021-10-18 06:47","1:24"
"2391/E/09/21","E07","2021-10-15","2021-10-18 08:45","3:49"
"2392/E/09/21","E03","2021-10-15","2021-10-18 10:47","4:24"
"2393/E/09/21","E03","2021-10-18","2021-10-18 10:54","2:04"
"2394/E/09/21","E03","2021-10-18","2021-10-18 11:23","4:20"
"2395/E/09/21","E03","2021-10-15","2021-10-18 11:16","1:14"
"2396/E/09/21","E05","2021-10-15","2021-10-18 07:46","2:59"
"2397/E/09/21","E04","2021-10-15","2021-10-18 07:39","2:04"
"2398/E/09/21","E05","2021-10-15","2021-10-15 19:00","1:02"
"2399/E/09/21","E06","2021-10-15","2021-10-18 07:32","2:13"
"2403/E/09/21","E04","2021-10-15","2021-10-18 09:56","4:34"
"2404/E/09/21","E04","2021-10-15","2021-10-18 09:13","1:40"
"2405/E/09/21","E07","2021-10-15","2021-10-18 06:33","3:43"
"2406/E/09/21","E04","2021-10-18","2021-10-18 12:23","2:57"
"2408/E/09/21","E02","2021-10-18","2021-10-18 13:05","1:39"
"2409/E/09/21","E04","2021-10-18","2021-10-18 12:58","2:59"
"2410/E/09/21","E02","2021-10-18","2021-10-18 12:51","1:06"
"2411/E/09/21","E04","2021-10-18","2021-10-18 12:44","0:42"
"2412/E/09/21","E09","2021-10-18","2021-10-18 12:37","2:57"
"2413/E/09/21","E09","2021-10-18","2021-10-18 12:30","1:36"
"2414/E/09/21","E04","2021-10-18","2021-10-18 14:01","1:02"
"2416/E/09/21","E02","2021-10-12","2021-10-12 17:35","1:14"
"2418/E/09/21","E02","2021-10-12","2021-10-12 17:21","1:27"
"2422/E/09/21","E02","2021-10-12","2021-10-12 17:49","0:40"
"2423/E/09/21","E04","2021-10-12","2021-10-12 17:42","4:05"
"2424/E/09/21","E05","2021-10-18","2021-10-18 14:08","4:29"
"2425/E/09/21","E05","2021-10-18","2021-10-18 14:15","1:23"
"2426/E/09/21","E09","2021-10-15","2021-10-18 06:40","4:40"
"2452/E/09/21","E09","2021-10-18","2021-10-18 15:18","1:36"
"2453/E/09/21","E04","2021-10-18","2021-10-18 15:11","0:46"
"2454/E/09/21","E09","2021-10-18","2021-10-18 15:46","4:40"
"2455/E/09/21","E05","2021-10-18","2021-10-18 12:16","2:03"
"2456/E/09/21","E05","2021-10-18","2021-10-18 12:09","3:15"
"2457/E/09/21","E05","2021-10-18","2021-10-18 12:02","2:23"
"2458/E/09/21","E05","2021-10-18","2021-10-18 10:39","2:23"
"2459/E/09/21","E05","2021-10-18","2021-10-18 10:24","2:18"
"2460/E/09/21","E05","2021-10-18","2021-10-18 11:55","3:38"
"2461/E/09/21","E05","2021-10-18","2021-10-18 10:32","3:38"
"2462/E/09/21","E05","2021-10-18","2021-10-18 11:08","4:24"
"2463/E/09/21","E05","2021-10-18","2021-10-18 11:01","4:24"
"2464/E/09/21","E05","2021-10-15","2021-10-18 11:48","4:24"
"2465/E/09/21","E05","2021-10-18","2021-10-18 10:10","4:24"
"2466/E/09/21","E05","2021-10-18","2021-10-18 10:17","4:24"
"2467/E/09/21","E05","2021-10-18","2021-10-18 10:03","3:03"
"2468/E/09/21","E05","2021-10-15","2021-10-18 09:46","4:05"
"2469/E/09/21","E05","2021-10-18","2021-10-18 09:39","2:13"
"2470/E/09/21","E05","2021-10-15","2021-10-18 09:32","1:17"
"2471/E/09/21","E05","2021-10-18","2021-10-18 11:41","4:05"
"2472/E/09/21","E05","2021-10-15","2021-10-18 11:34","1:17"
"2493/E/09/21","E03","2021-10-18","2021-10-19 07:48","4:20"
"2494/E/09/21","E03","2021-10-19","2021-10-19 07:55","1:14"
"2495/E/09/21","E03","2021-10-18","2021-10-19 06:26","4:20"
"2496/E/09/21","E03","2021-10-18","2021-10-18 15:53","3:49"
"2497/E/09/21","E02","2021-10-15","2021-10-15 14:27","0:35"
"2498/E/09/21","E05","2021-10-15","2021-10-15 14:20","1:23"
"2499/E/09/21","E05","2021-10-18","2021-10-18 13:47","1:10"
"2500/E/09/21","E05","2021-10-18","2021-10-18 13:54","1:28"
"2501/E/09/21","E05","2021-10-18","2021-10-18 13:40","3:40"
"2502/E/09/21","E05","2021-10-18","2021-10-18 13:33","2:00"
"2503/E/09/21","E05","2021-10-18","2021-10-18 13:26","1:28"
"2504/E/09/21","E05","2021-10-18","2021-10-18 13:19","1:24"
"2505/E/09/21","E05","2021-10-18","2021-10-18 13:12","1:50"
"2507/E/09/21","E05","2021-10-18","2021-10-18 14:22","1:37"
"2508/E/09/21","E07","2021-10-19","2021-10-19 12:35","3:44"
"2509/E/09/21","E07","2021-10-19","2021-10-19 12:42","2:40"
"2510/E/09/21","E08","2021-10-18","2021-10-18 16:28","3:56"
"2511/E/09/21","E08","2021-10-18","2021-10-18 16:21","3:56"
"2512/E/09/21","E08","2021-10-18","2021-10-18 16:14","3:56"
"2513/E/09/21","E03","2021-10-18","2021-10-18 16:07","1:45"
"2514/E/09/21","E05","2021-10-18","2021-10-18 16:00","1:31"
"2515/E/09/21","E06","2021-10-18","2021-10-18 15:32","1:31"
"2516/E/09/21","E05","2021-10-18","2021-10-18 15:25","1:34"
"2517/E/09/21","E04","2021-10-18","2021-10-18 15:04","0:46"
"2518/E/09/21","E09","2021-10-18","2021-10-18 14:57","3:00"
"2519/E/09/21","E08","2021-10-18","2021-10-18 15:39","2:19"
"2520/E/09/21","E07","2021-10-18","2021-10-18 14:43","1:54"
"2534/E/09/21","E04","2021-10-11","2021-10-12 12:06","3:54"
"2535/E/09/21","E04","2021-10-12","2021-10-12 12:13","3:54"
"2536/E/09/21","E04","2021-10-12","2021-10-12 12:20","2:04"
"2537/E/09/21","E04","2021-10-11","2021-10-12 11:41","4:23"
"2538/E/09/21","E04","2021-10-11","2021-10-12 11:59","4:23"
"2539/E/09/21","E05","2021-10-19","2021-10-19 12:01","3:18"
"2540/E/09/21","E05","2021-10-19","2021-10-19 11:54","4:41"
"2541/E/09/21","E05","2021-10-19","2021-10-19 11:05","1:20"
"2548/E/09/21","E02","2021-10-19","2021-10-19 13:24","0:57"
"2549/E/09/21","E02","2021-10-19","2021-10-19 13:17","1:49"
"2550/E/09/21","E03","2021-10-19","2021-10-19 13:10","0:42"
"2551/E/09/21","E03","2021-10-19","2021-10-19 12:49","0:43"
"2552/E/09/21","E02","2021-10-19","2021-10-19 12:22","0:49"
"2553/E/09/21","E03","2021-10-19","2021-10-19 12:15","0:50"
"2554/E/09/21","E08","2021-10-18","2021-10-18 14:29","3:34"
"2555/E/09/21","E09","2021-10-19","2021-10-19 13:38","4:40"
"2556/E/09/21","E09","2021-10-19","2021-10-19 13:31","4:45"
"2558/E/09/21","E02","2021-10-11","2021-10-11 13:02","2:08"
"2560/E/09/21","E02","2021-10-11","2021-10-11 12:55","2:08"
"2570/E/09/21","E02","2021-10-19","2021-10-19 14:13","1:33"
"2571/E/09/21","E09","2021-10-19","2021-10-19 14:06","4:40"
"2579/E/09/21","E05","2021-10-19","2021-10-19 13:52","1:03"
"2580/E/09/21","E04","2021-10-13","2021-10-13 20:30","0:42"
"2581/E/09/21","E02","2021-10-13","2021-10-13 20:23","0:54"
"2583/E/09/21","E02","2021-10-19","2021-10-19 14:20","1:15"
"2584/E/09/21","E09","2021-10-19","2021-10-19 15:09","4:40"
"2585/E/09/21","E09","2021-10-19","2021-10-19 15:02","4:40"
"2586/E/09/21","E02","2021-10-19","2021-10-19 14:55","0:40"
"2587/E/09/21","E04","2021-10-19","2021-10-19 14:48","3:54"
"2588/E/09/21","E04","2021-10-19","2021-10-19 14:41","3:54"
"2589/E/09/21","E04","2021-10-19","2021-10-19 14:34","3:01"
"2590/E/09/21","E04","2021-10-19","2021-10-19 14:27","2:09"
"2591/E/09/21","E08","2021-10-19","2021-10-19 13:59","2:28"
"2592/E/09/21","E08","2021-10-19","2021-10-19 13:45","3:07"
"2593/E/09/21","E03","2021-10-18","2021-10-18 16:35","2:37"
"2594/E/09/21","E04","2021-10-13","2021-10-13 20:37","4:14"
"2595/E/09/21","E08","2021-10-18","2021-10-18 14:50","2:05"
"2596/E/09/21","E04","2021-10-13","2021-10-13 20:44","3:54"
"2597/E/09/21","E04","2021-10-13","2021-10-13 20:51","3:54"
"2598/E/09/21","E04","2021-10-13","2021-10-14 06:20","3:54"
"2599/E/09/21","E04","2021-10-13","2021-10-14 07:10","3:54"
"2600/E/09/21","E04","2021-10-13","2021-10-14 07:17","2:04"
"2601/E/09/21","E08","2021-10-13","2021-10-13 20:58","1:15"
"2602/E/09/21","E03","2021-10-19","2021-10-20 06:14","4:43"
"2609/E/09/21","E02","2021-10-11","2021-10-11 14:32","0:56"
"2611/E/09/21","E02","2021-10-11","2021-10-11 14:25","1:39"
"2612/E/09/21","E02","2021-10-11","2021-10-11 14:18","0:56"
"2623/E/09/21","E02","2021-10-11","2021-10-11 14:11","0:56"
"2629/E/09/21","E02","2021-10-11","2021-10-11 14:04","0:56"
"3/E/10/21","E10","2021-10-19","2021-10-19 13:03","3:10"
"4/E/10/21","E10","2021-10-19","2021-10-19 12:56","3:10"
"5/E/10/21","E05","2021-10-19","2021-10-19 12:08","1:45"
"6/E/10/21","E07","2021-10-15","2021-10-18 07:11","7:08"
"7/E/10/21","E07","2021-10-15","2021-10-18 07:54","9:51"
"8/E/10/21","E08","2021-10-18","2021-10-18 14:36","4:38"
"9/E/10/21","E03","2021-10-19","2021-10-19 15:23","0:47"
"10/E/10/21","E05","2021-10-19","2021-10-19 15:16","0:55"
"13/E/10/21","E04","2021-10-19","2021-10-19 17:36","1:02"
"14/E/10/21","E05","2021-10-19","2021-10-19 17:29","1:37"
"15/E/10/21","E03","2021-10-19","2021-10-19 17:22","1:55"
"16/E/10/21","E03","2021-10-19","2021-10-19 17:15","0:41"
"17/E/10/21","E02","2021-10-19","2021-10-19 15:51","0:41"
"18/E/10/21","E05","2021-10-19","2021-10-19 15:44","1:22"
"19/E/10/21","E05","2021-10-19","2021-10-19 15:37","2:32"
"20/E/10/21","E05","2021-10-19","2021-10-19 15:30","2:59"
"21/E/10/21","E02","2021-10-11","2021-10-11 12:01","0:35"
"27/E/10/21","E02","2021-10-11","2021-10-11 11:54","0:34"
"28/E/10/21","E03","2021-10-18","2021-10-19 10:35","4:17"
"29/E/10/21","E03","2021-10-18","2021-10-19 10:21","4:17"
"30/E/10/21","E03","2021-10-18","2021-10-19 10:28","4:17"
"31/E/10/21","E03","2021-10-19","2021-10-19 10:58","4:17"
"32/E/10/21","E03","2021-10-19","2021-10-19 11:47","4:17"
"33/E/10/21","E03","2021-10-19","2021-10-19 11:12","4:17"
"34/E/10/21","E03","2021-10-18","2021-10-19 10:14","4:17"
"35/E/10/21","E03","2021-10-19","2021-10-19 11:33","4:17"
"36/E/10/21","E03","2021-10-19","2021-10-19 11:40","4:17"
"37/E/10/21","E03","2021-10-18","2021-10-19 10:42","4:17"
"38/E/10/21","E03","2021-10-18","2021-10-19 11:26","4:17"
"39/E/10/21","E03","2021-10-18","2021-10-19 11:19","0:41"
"40/E/10/21","E03","2021-10-18","2021-10-19 09:04","4:43"
"41/E/10/21","E03","2021-10-18","2021-10-19 08:44","4:43"
"42/E/10/21","E03","2021-10-18","2021-10-19 09:11","4:43"
"43/E/10/21","E03","2021-10-18","2021-10-19 09:32","4:43"
"44/E/10/21","E03","2021-10-19","2021-10-19 08:51","4:43"
"45/E/10/21","E03","2021-10-18","2021-10-19 09:39","4:43"
"46/E/10/21","E03","2021-10-19","2021-10-19 09:46","4:43"
"47/E/10/21","E03","2021-10-18","2021-10-19 09:25","4:43"
"48/E/10/21","E03","2021-10-18","2021-10-19 10:00","4:43"
"49/E/10/21","E03","2021-10-18","2021-10-19 09:18","4:43"
"50/E/10/21","E03","2021-10-18","2021-10-19 10:07","4:43"
"51/E/10/21","E03","2021-10-18","2021-10-19 09:53","4:43"
"52/E/10/21","E03","2021-10-18","2021-10-19 07:22","4:17"
"53/E/10/21","E03","2021-10-18","2021-10-19 08:09","4:17"
"54/E/10/21","E03","2021-10-18","2021-10-19 08:16","4:17"
"55/E/10/21","E03","2021-10-18","2021-10-19 06:43","4:17"
"56/E/10/21","E03","2021-10-18","2021-10-19 06:59","4:17"
"57/E/10/21","E03","2021-10-18","2021-10-19 08:37","4:17"
"58/E/10/21","E03","2021-10-18","2021-10-19 08:30","4:17"
"59/E/10/21","E03","2021-10-18","2021-10-19 07:06","4:17"
"60/E/10/21","E03","2021-10-18","2021-10-19 08:02","4:17"
"61/E/10/21","E03","2021-10-18","2021-10-19 08:23","4:17"
"62/E/10/21","E03","2021-10-18","2021-10-19 07:33","4:17"
"63/E/10/21","E03","2021-10-19","2021-10-19 07:40","0:41"
"67/E/10/21","E04","2021-10-19","2021-10-19 17:43","1:22"
"68/E/10/21","E05","2021-10-19","2021-10-20 09:00","4:41"
"69/E/10/21","E05","2021-10-19","2021-10-20 06:36","2:05"
"70/E/10/21","E05","2021-10-19","2021-10-20 06:50","2:15"
"71/E/10/21","E05","2021-10-19","2021-10-20 07:27","2:53"
"72/E/10/21","E05","2021-10-19","2021-10-19 17:50","0:51"
"79/E/10/21","E03","2021-10-19","2021-10-19 18:11","1:14"
"80/E/10/21","E03","2021-10-19","2021-10-19 18:04","1:07"
"81/E/10/21","E03","2021-10-19","2021-10-19 17:57","1:07"
"82/E/10/21","E05","2021-10-19","2021-10-20 06:43","1:47"
"83/E/10/21","E06","2021-10-19","2021-10-20 07:06","3:44"
"84/E/10/21","E05","2021-10-19","2021-10-20 06:59","2:47"
"85/E/10/21","E05","2021-10-20","2021-10-20 08:45","3:45"
"86/E/10/21","E05","2021-10-19","2021-10-20 09:07","3:45"
"87/E/10/21","E05","2021-10-19","2021-10-20 08:38","3:45"
"88/E/10/21","E04","2021-10-12","2021-10-12 18:03","0:42"
"100/E/10/21","E02","2021-10-19","2021-10-20 11:28","4:44"
"101/E/10/21","E02","2021-10-20","2021-10-20 11:35","1:43"
"102/E/10/21","E05","2021-10-19","2021-10-20 08:52","0:53"
"106/E/10/21","E03","2021-10-19","2021-10-20 08:29","2:05"
"107/E/10/21","E03","2021-10-19","2021-10-20 07:56","1:29"
"108/E/10/21","E05","2021-10-19","2021-10-20 07:49","2:03"
"109/E/10/21","E07","2021-10-19","2021-10-20 08:15","4:12"
"110/E/10/21","E07","2021-10-19","2021-10-20 08:08","4:12"
"112/E/10/21","E09","2021-10-19","2021-10-19 15:58","4:06"
"114/E/10/21","E08","2021-10-20","2021-10-20 10:37","1:42"
"115/E/10/21","E05","2021-10-20","2021-10-20 10:30","1:02"
"116/E/10/21","E06","2021-10-20","2021-10-20 10:23","1:14"
"117/E/10/21","E05","2021-10-20","2021-10-20 10:16","0:55"
"118/E/10/21","E05","2021-10-19","2021-10-20 10:09","1:43"
"119/E/10/21","E06","2021-10-19","2021-10-20 09:41","2:56"
"120/E/10/21","E05","2021-10-19","2021-10-20 09:34","4:17"
"122/E/10/21","E05","2021-10-20","2021-10-20 09:14","2:35"
"124/E/10/21","E03","2021-10-19","2021-10-20 10:02","0:54"
"125/E/10/21","E05","2021-10-19","2021-10-20 09:55","1:23"
"126/E/10/21","E05","2021-10-20","2021-10-20 09:48","1:28"
"127/E/10/21","E02","2021-10-19","2021-10-19 18:18","0:54"
"128/E/10/21","E05","2021-10-19","2021-10-20 09:27","4:38"
"129/E/10/21","E05","2021-10-19","2021-10-20 08:22","3:12"
"133/E/10/21","E05","2021-10-20","2021-10-20 11:05","1:00"
"134/E/10/21","E05","2021-10-15","2021-10-15 14:48","1:13"
"135/E/10/21","E06","2021-10-15","2021-10-15 14:41","1:12"
"136/E/10/21","E04","2021-10-15","2021-10-15 14:34","0:42"
"137/E/10/21","E04","2021-10-13","2021-10-14 07:30","4:38"
"138/E/10/21","E04","2021-10-13","2021-10-13 21:05","2:14"
"139/E/10/21","E09","2021-10-20","2021-10-20 10:58","2:31"
"140/E/10/21","E07","2021-10-20","2021-10-20 10:51","3:49"
"141/E/10/21","E02","2021-10-20","2021-10-20 10:44","0:41"
"142/E/10/21","E05","2021-10-20","2021-10-20 11:12","1:11"
"144/E/10/21","E08","2021-10-11","2021-10-11 16:17","4:46"
"145/E/10/21","E05","2021-10-14","2021-10-14 19:47","0:50"
"149/E/10/21","E08","2021-10-14","2021-10-14 19:54","1:15"
"150/E/10/21","E04","2021-10-15","2021-10-15 15:16","2:59"
"151/E/10/21","E02","2021-10-15","2021-10-15 15:09","0:40"
"152/E/10/21","E04","2021-10-15","2021-10-15 15:02","2:38"
"153/E/10/21","E04","2021-10-15","2021-10-15 14:55","1:40"
"154/E/10/21","E05","2021-10-20","2021-10-20 12:31","1:28"
"155/E/10/21","E02","2021-10-20","2021-10-20 12:24","2:13"
"156/E/10/21","E03","2021-10-20","2021-10-20 13:04","4:20"
"157/E/10/21","E03","2021-10-20","2021-10-20 12:57","1:14"
"158/E/10/21","E03","2021-10-20","2021-10-20 12:03","0:40"
"159/E/10/21","E02","2021-10-20","2021-10-20 11:56","0:49"
"160/E/10/21","E02","2021-10-20","2021-10-20 11:49","0:51"
"161/E/10/21","E03","2021-10-20","2021-10-20 11:42","1:00"
"162/E/10/21","E05","2021-10-20","2021-10-20 11:19","1:11"
"163/E/10/21","E07","2021-10-20","2021-10-20 13:18","4:15"
"164/E/10/21","E07","2021-10-20","2021-10-20 13:25","2:21"
"165/E/10/21","E06","2021-10-20","2021-10-20 13:11","2:21"
"166/E/10/21","E05","2021-10-20","2021-10-20 12:38","2:18"
"170/E/10/21","E02","2021-10-11","2021-10-11 16:24","1:00"
"172/E/10/21","E02","2021-10-11","2021-10-12 07:43","1:17"
"173/E/10/21","E02","2021-10-11","2021-10-12 07:36","1:17"
"176/E/10/21","E02","2021-10-11","2021-10-12 08:32","4:17"
"177/E/10/21","E02","2021-10-12","2021-10-12 09:21","1:14"
"179/E/10/21","E02","2021-10-12","2021-10-12 09:56","1:00"
"181/E/10/21","E02","2021-10-11","2021-10-12 10:59","3:40"
"182/E/10/21","E02","2021-10-11","2021-10-12 10:45","4:26"
"183/E/10/21","E02","2021-10-11","2021-10-12 10:52","1:45"
"189/E/10/21","E02","2021-10-12","2021-10-12 10:31","1:40"
"191/E/10/21","E02","2021-10-11","2021-10-11 17:20","0:56"
"192/E/10/21","E02","2021-10-11","2021-10-12 08:53","1:14"
"197/E/10/21","E02","2021-10-11","2021-10-11 16:45","1:18"
"198/E/10/21","E02","2021-10-11","2021-10-12 09:28","4:17"
"199/E/10/21","E02","2021-10-11","2021-10-12 09:00","2:15"
"200/E/10/21","E02","2021-10-11","2021-10-12 08:39","2:15"
"201/E/10/21","E02","2021-10-11","2021-10-12 08:25","1:20"
"202/E/10/21","E02","2021-10-11","2021-10-12 08:04","1:44"
"205/E/10/21","E02","2021-10-11","2021-10-11 17:06","1:00"
"206/E/10/21","E02","2021-10-11","2021-10-12 08:46","2:15"
"209/E/10/21","E02","2021-10-11","2021-10-12 08:11","2:24"
"211/E/10/21","E02","2021-10-11","2021-10-11 17:27","1:18"
"212/E/10/21","E02","2021-10-11","2021-10-11 17:13","0:56"
"213/E/10/21","E02","2021-10-11","2021-10-11 16:59","1:00"
"222/E/10/21","E02","2021-10-11","2021-10-12 09:42","1:00"
"224/E/10/21","E02","2021-10-11","2021-10-12 10:03","4:37"
"231/E/10/21","E02","2021-10-12","2021-10-12 09:35","1:20"
"232/E/10/21","E02","2021-10-11","2021-10-11 17:48","1:47"
"233/E/10/21","E02","2021-10-11","2021-10-12 10:10","0:56"
"234/E/10/21","E02","2021-10-11","2021-10-12 09:07","1:14"
"235/E/10/21","E02","2021-10-11","2021-10-11 16:52","1:18"
"236/E/10/21","E02","2021-10-11","2021-10-11 17:41","1:00"
"238/E/10/21","E02","2021-10-11","2021-10-11 16:31","1:00"
"240/E/10/21","E02","2021-10-11","2021-10-12 09:14","1:14"
"242/E/10/21","E02","2021-10-11","2021-10-12 07:57","1:17"
"243/E/10/21","E02","2021-10-11","2021-10-12 07:50","1:17"
"245/E/10/21","E02","2021-10-11","2021-10-12 10:38","0:36"
"247/E/10/21","E02","2021-10-11","2021-10-12 09:49","1:47"
"248/E/10/21","E02","2021-10-11","2021-10-11 16:38","1:00"
"249/E/10/21","E02","2021-10-11","2021-10-12 10:24","1:40"
"250/E/10/21","E02","2021-10-12","2021-10-12 08:18","0:56"
"251/E/10/21","E02","2021-10-11","2021-10-12 10:17","0:56"
"256/E/10/21","E02","2021-10-11","2021-10-11 18:02","0:58"
"258/E/10/21","E06","2021-10-20","2021-10-20 14:28","1:58"
"259/E/10/21","E08","2021-10-20","2021-10-20 12:17","2:06"
"260/E/10/21","E05","2021-10-20","2021-10-20 12:10","1:37"
"261/E/10/21","E02","2021-10-20","2021-10-20 16:34","0:35"
"262/E/10/21","E05","2021-10-20","2021-10-20 14:49","0:59"
"263/E/10/21","E05","2021-10-20","2021-10-20 14:42","1:19"
"264/E/10/21","E05","2021-10-20","2021-10-20 14:35","0:42"
"266/E/10/21","E05","2021-10-20","2021-10-21 10:50","4:15"
"267/E/10/21","E05","2021-10-21","2021-10-21 10:57","1:59"
"268/E/10/21","E08","2021-10-15","2021-10-15 18:04","2:20"
"269/E/10/21","E02","2021-10-11","2021-10-12 06:35","0:41"
"270/E/10/21","E08","2021-10-11","2021-10-12 13:09","4:46"
"275/E/10/21","E08","2021-10-20","2021-10-20 12:50","5:27"
"277/E/10/21","E04","2021-10-20","2021-10-20 16:55","0:33"
"278/E/10/21","E05","2021-10-20","2021-10-21 06:56","2:05"
"279/E/10/21","E05","2021-10-20","2021-10-20 16:48","0:56"
"280/E/10/21","E05","2021-10-20","2021-10-21 07:22","1:13"
"281/E/10/21","E06","2021-10-20","2021-10-21 07:03","0:55"
"282/E/10/21","E05","2021-10-21","2021-10-21 10:32","4:26"
"283/E/10/21","E05","2021-10-20","2021-10-21 10:39","3:03"
"284/E/10/21","E05","2021-10-20","2021-10-21 10:25","3:09"
"285/E/10/21","E05","2021-10-20","2021-10-21 10:18","3:09"
"286/E/10/21","E05","2021-10-20","2021-10-21 10:11","4:31"
"287/E/10/21","E05","2021-10-20","2021-10-21 07:44","2:23"
"288/E/10/21","E06","2021-10-21","2021-10-21 09:57","3:48"
"289/E/10/21","E06","2021-10-20","2021-10-21 10:04","3:48"
"290/E/10/21","E06","2021-10-20","2021-10-21 09:50","3:48"
"291/E/10/21","E06","2021-10-20","2021-10-21 09:03","3:48"
"292/E/10/21","E05","2021-10-20","2021-10-20 17:16","0:49"
"293/E/10/21","E03","2021-10-20","2021-10-21 07:15","2:28"
"294/E/10/21","E02","2021-10-20","2021-10-20 17:09","1:21"
"295/E/10/21","E07","2021-10-20","2021-10-20 13:32","4:06"
"296/E/10/21","E07","2021-10-20","2021-10-20 13:46","4:06"
"297/E/10/21","E07","2021-10-20","2021-10-20 13:53","4:06"
"298/E/10/21","E07","2021-10-20","2021-10-20 13:39","4:06"
"299/E/10/21","E07","2021-10-20","2021-10-20 14:00","4:06"
"300/E/10/21","E03","2021-10-20","2021-10-21 11:04","0:52"
"301/E/10/21","E02","2021-10-20","2021-10-21 11:11","0:48"
"302/E/10/21","E08","2021-10-20","2021-10-20 14:07","5:11"
"303/E/10/21","E05","2021-10-21","2021-10-21 12:14","0:42"
"304/E/10/21","E04","2021-10-21","2021-10-21 12:07","0:38"
"305/E/10/21","E05","2021-10-21","2021-10-21 11:53","2:07"
"306/E/10/21","E05","2021-10-21","2021-10-21 11:46","2:15"
"307/E/10/21","E05","2021-10-21","2021-10-21 11:39","2:27"
"308/E/10/21","E02","2021-10-21","2021-10-21 11:32","1:48"
"309/E/10/21","E02","2021-10-21","2021-10-21 11:25","1:33"
"310/E/10/21","E06","2021-10-21","2021-10-21 11:18","1:12"
"311/E/10/21","E03","2021-10-21","2021-10-21 12:21","4:20"
"312/E/10/21","E03","2021-10-21","2021-10-21 12:28","4:20"
"313/E/10/21","E03","2021-10-21","2021-10-21 12:35","2:16"
"314/E/10/21","E04","2021-10-15","2021-10-15 18:25","0:55"
"315/E/10/21","E04","2021-10-15","2021-10-15 18:18","1:43"
"316/E/10/21","E02","2021-10-15","2021-10-15 18:11","0:40"
"317/E/10/21","E02","2021-10-14","2021-10-14 20:15","0:44"
"318/E/10/21","E02","2021-10-14","2021-10-14 20:08","1:00"
"319/E/10/21","E04","2021-10-14","2021-10-14 20:01","2:38"
"325/E/10/21","E02","2021-10-12","2021-10-12 14:19","2:22"
"328/E/10/21","E02","2021-10-12","2021-10-12 14:12","0:56"
"337/E/10/21","E05","2021-10-21","2021-10-21 12:49","0:54"
"338/E/10/21","E09","2021-10-20","2021-10-21 09:43","7:22"
"339/E/10/21","E05","2021-10-20","2021-10-20 16:41","1:37"
"340/E/10/21","E07","2021-10-18","2021-10-18 09:25","6:35"
"341/E/10/21","E05","2021-10-21","2021-10-21 13:52","4:41"
"342/E/10/21","E05","2021-10-21","2021-10-21 13:45","4:41"
"343/E/10/21","E05","2021-10-21","2021-10-21 13:38","4:41"
"344/E/10/21","E05","2021-10-21","2021-10-21 13:31","4:41"
"345/E/10/21","E05","2021-10-21","2021-10-21 12:00","1:02"
"346/E/10/21","E05","2021-10-20","2021-10-20 17:02","1:31"
"347/E/10/21","E02","2021-10-20","2021-10-20 14:56","0:40"
"348/E/10/21","E02","2021-10-12","2021-10-12 18:24","0:59"
"350/E/10/21","E02","2021-10-12","2021-10-12 18:17","1:18"
"351/E/10/21","E08","2021-10-12","2021-10-13 06:49","4:46"
"352/E/10/21","E02","2021-10-12","2021-10-12 18:10","0:58"
"353/E/10/21","E02","2021-10-12","2021-10-13 08:59","0:36"
"355/E/10/21","E02","2021-10-12","2021-10-13 10:14","2:15"
"356/E/10/21","E02","2021-10-12","2021-10-13 07:23","4:17"
"357/E/10/21","E02","2021-10-12","2021-10-13 07:00","4:17"
"358/E/10/21","E02","2021-10-12","2021-10-13 07:07","4:17"
"359/E/10/21","E02","2021-10-12","2021-10-13 10:07","1:14"
"360/E/10/21","E02","2021-10-12","2021-10-13 08:31","1:40"
"361/E/10/21","E02","2021-10-12","2021-10-13 08:03","0:56"
"362/E/10/21","E02","2021-10-12","2021-10-13 07:56","0:56"
"363/E/10/21","E02","2021-10-12","2021-10-13 07:30","1:45"
"364/E/10/21","E02","2021-10-12","2021-10-12 18:38","1:47"
"365/E/10/21","E02","2021-10-12","2021-10-13 11:52","0:56"
"366/E/10/21","E02","2021-10-12","2021-10-13 09:06","0:59"
"367/E/10/21","E02","2021-10-12","2021-10-12 18:31","0:56"
"368/E/10/21","E02","2021-10-12","2021-10-13 08:10","0:56"
"369/E/10/21","E02","2021-10-12","2021-10-13 09:41","3:29"
"370/E/10/21","E02","2021-10-12","2021-10-13 11:17","0:56"
"371/E/10/21","E04","2021-10-19","2021-10-19 10:46","2:02"
"372/E/10/21","E03","2021-10-19","2021-10-19 10:44","2:32"
"373/E/10/21","E06","2021-10-21","2021-10-21 14:20","4:33"
"374/E/10/21","E06","2021-10-21","2021-10-21 14:13","4:33"
"375/E/10/21","E06","2021-10-21","2021-10-21 14:27","4:33"
"376/E/10/21","E06","2021-10-21","2021-10-21 14:34","4:33"
"377/E/10/21","E04","2021-10-21","2021-10-21 13:59","2:38"
"378/E/10/21","E04","2021-10-21","2021-10-21 14:06","2:09"
"380/E/10/21","E05","2021-10-21","2021-10-21 14:48","0:47"
"381/E/10/21","E06","2021-10-20","2021-10-20 14:21","2:03"
"382/E/10/21","E04","2021-10-15","2021-10-15 15:23","4:38"
"383/E/10/21","E04","2021-10-15","2021-10-15 15:30","2:14"
"384/E/10/21","E02","2021-10-12","2021-10-13 12:34","0:56"
"385/E/10/21","E02","2021-10-12","2021-10-13 13:16","1:15"
"386/E/10/21","E02","2021-10-12","2021-10-13 12:55","3:05"
"387/E/10/21","E02","2021-10-12","2021-10-13 12:27","0:56"
"388/E/10/21","E02","2021-10-12","2021-10-13 09:48","1:03"
"389/E/10/21","E08","2021-10-21","2021-10-21 15:58","2:36"
"390/E/10/21","E08","2021-10-21","2021-10-21 15:51","3:23"
"391/E/10/21","E08","2021-10-21","2021-10-21 15:37","4:37"
"392/E/10/21","E08","2021-10-21","2021-10-21 15:44","2:37"
"393/E/10/21","E08","2021-10-21","2021-10-21 15:09","4:49"
"394/E/10/21","E08","2021-10-21","2021-10-21 15:30","4:49"
"395/E/10/21","E08","2021-10-21","2021-10-21 14:55","4:49"
"396/E/10/21","E08","2021-10-21","2021-10-21 15:16","4:49"
"397/E/10/21","E08","2021-10-21","2021-10-21 15:23","4:49"
"398/E/10/21","E08","2021-10-21","2021-10-21 15:02","3:23"
"399/E/10/21","E04","2021-10-21","2021-10-21 16:19","1:09"
"400/E/10/21","E04","2021-10-21","2021-10-21 16:12","2:19"
"401/E/10/21","E04","2021-10-21","2021-10-21 16:05","1:40"
"402/E/10/21","E05","2021-10-21","2021-10-21 17:22","0:27"
"403/E/10/21","E05","2021-10-21","2021-10-21 17:15","1:33"
"404/E/10/21","E05","2021-10-21","2021-10-21 17:08","1:49"
"405/E/10/21","E05","2021-10-21","2021-10-21 17:01","1:25"
"406/E/10/21","E05","2021-10-21","2021-10-21 16:47","0:39"
"407/E/10/21","E05","2021-10-21","2021-10-21 16:40","2:03"
"408/E/10/21","E06","2021-10-21","2021-10-21 16:33","1:13"
"409/E/10/21","E05","2021-10-21","2021-10-21 16:26","2:32"
"410/E/10/21","E04","2021-10-20","2021-10-20 15:10","4:40"
"411/E/10/21","E04","2021-10-20","2021-10-20 15:03","1:25"
"412/E/10/21","E08","2021-10-20","2021-10-20 14:14","3:37"
"413/E/10/21","E05","2021-10-21","2021-10-21 17:36","1:28"
"414/E/10/21","E05","2021-10-21","2021-10-21 17:29","0:52"
"415/E/10/21","E09","2021-10-21","2021-10-21 14:41","6:57"
"416/E/10/21","E09","2021-10-21","2021-10-22 08:07","4:45"
"417/E/10/21","E05","2021-10-21","2021-10-22 08:55","4:14"
"418/E/10/21","E05","2021-10-21","2021-10-22 08:25","4:22"
"419/E/10/21","E05","2021-10-21","2021-10-22 08:48","4:22"
"420/E/10/21","E05","2021-10-21","2021-10-22 08:41","4:22"
"421/E/10/21","E05","2021-10-21","2021-10-22 08:34","4:22"
"422/E/10/21","E05","2021-10-21","2021-10-22 06:21","2:22"
"423/E/10/21","E05","2021-10-21","2021-10-21 17:57","1:05"
"424/E/10/21","E05","2021-10-21","2021-10-21 17:50","1:08"
"425/E/10/21","E05","2021-10-21","2021-10-22 07:23","3:42"
"426/E/10/21","E05","2021-10-21","2021-10-22 07:45","3:42"
"427/E/10/21","E05","2021-10-21","2021-10-22 07:07","3:42"
"428/E/10/21","E05","2021-10-21","2021-10-22 07:38","4:44"
"429/E/10/21","E05","2021-10-21","2021-10-21 17:43","2:32"
"430/E/10/21","E03","2021-10-21","2021-10-22 06:10","0:43"
"431/E/10/21","E02","2021-10-21","2021-10-22 06:38","1:10"
"432/E/10/21","E07","2021-10-22","2021-10-22 10:16","6:27"
"433/E/10/21","E03","2021-10-21","2021-10-22 10:09","4:46"
"434/E/10/21","E03","2021-10-21","2021-10-22 10:02","0:55"
"435/E/10/21","E07","2021-10-21","2021-10-22 08:14","3:57"
"436/E/10/21","E07","2021-10-21","2021-10-22 07:52","3:57"
"437/E/10/21","E07","2021-10-21","2021-10-22 09:23","3:57"
"438/E/10/21","E07","2021-10-21","2021-10-22 09:09","3:57"
"439/E/10/21","E07","2021-10-21","2021-10-22 09:30","3:57"
"440/E/10/21","E07","2021-10-21","2021-10-22 09:02","3:57"
"441/E/10/21","E07","2021-10-21","2021-10-22 09:16","3:57"
"442/E/10/21","E07","2021-10-21","2021-10-22 09:37","3:57"
"443/E/10/21","E07","2021-10-21","2021-10-22 07:59","3:57"
"444/E/10/21","E07","2021-10-21","2021-10-22 07:14","2:48"
"445/E/10/21","E08","2021-10-21","2021-10-21 13:10","3:31"
"446/E/10/21","E03","2021-10-21","2021-10-21 12:56","4:20"
"447/E/10/21","E03","2021-10-21","2021-10-21 13:03","0:44"
"448/E/10/21","E04","2021-10-20","2021-10-21 06:49","4:38"
"449/E/10/21","E04","2021-10-20","2021-10-20 16:27","1:50"
"450/E/10/21","E02","2021-10-20","2021-10-21 09:21","4:33"
"451/E/10/21","E02","2021-10-20","2021-10-21 09:14","1:21"
"452/E/10/21","E02","2021-10-20","2021-10-21 08:14","4:05"
"453/E/10/21","E02","2021-10-20","2021-10-21 06:42","2:49"
"454/E/10/21","E04","2021-10-20","2021-10-21 08:07","4:17"
"455/E/10/21","E04","2021-10-20","2021-10-21 09:29","4:17"
"456/E/10/21","E04","2021-10-20","2021-10-21 09:36","2:57"
"457/E/10/21","E05","2021-10-20","2021-10-21 07:53","2:30"
"458/E/10/21","E05","2021-10-20","2021-10-21 08:00","2:30"
"459/E/10/21","E05","2021-10-20","2021-10-21 06:27","2:30"
"460/E/10/21","E05","2021-10-20","2021-10-21 06:34","2:30"
"461/E/10/21","E05","2021-10-20","2021-10-21 08:42","2:30"
"462/E/10/21","E05","2021-10-20","2021-10-21 08:49","2:30"
"463/E/10/21","E05","2021-10-20","2021-10-21 08:35","2:30"
"464/E/10/21","E05","2021-10-20","2021-10-21 08:28","2:30"
"465/E/10/21","E02","2021-10-20","2021-10-20 16:20","3:22"
"467/E/10/21","E02","2021-10-13","2021-10-13 16:25","1:14"
"468/E/10/21","E02","2021-10-13","2021-10-13 16:18","1:00"
"469/E/10/21","E02","2021-10-13","2021-10-13 14:47","0:36"
"470/E/10/21","E02","2021-10-13","2021-10-13 14:19","0:54"
"471/E/10/21","E02","2021-10-13","2021-10-13 13:09","1:03"
"472/E/10/21","E02","2021-10-13","2021-10-13 09:27","1:09"
"473/E/10/21","E02","2021-10-13","2021-10-13 16:11","2:50"
"474/E/10/21","E02","2021-10-12","2021-10-13 09:55","2:43"
"475/E/10/21","E02","2021-10-13","2021-10-13 12:48","1:39"
"476/E/10/21","E02","2021-10-12","2021-10-13 07:37","1:46"
"477/E/10/21","E02","2021-10-13","2021-10-13 16:04","1:03"
"479/E/10/21","E02","2021-10-12","2021-10-13 13:23","1:23"
"480/E/10/21","E02","2021-10-12","2021-10-13 09:20","0:41"
"481/E/10/21","E02","2021-10-12","2021-10-13 15:43","0:45"
"482/E/10/21","E02","2021-10-13","2021-10-13 14:12","1:01"
"483/E/10/21","E02","2021-10-12","2021-10-13 15:36","3:25"
"484/E/10/21","E02","2021-10-13","2021-10-13 13:02","1:03"
"485/E/10/21","E02","2021-10-12","2021-10-13 07:14","1:08"
"486/E/10/21","E02","2021-10-12","2021-10-13 15:29","4:23"
"487/E/10/21","E02","2021-10-13","2021-10-13 12:41","1:53"
"488/E/10/21","E02","2021-10-12","2021-10-12 18:45","0:58"
"489/E/10/21","E02","2021-10-12","2021-10-13 14:05","1:01"
"490/E/10/21","E02","2021-10-20","2021-10-20 16:13","3:27"
"491/E/10/21","E08","2021-10-20","2021-10-20 15:31","3:56"
"492/E/10/21","E08","2021-10-20","2021-10-20 15:59","3:56"
"493/E/10/21","E08","2021-10-20","2021-10-20 15:17","3:56"
"494/E/10/21","E08","2021-10-20","2021-10-20 15:45","3:56"
"495/E/10/21","E08","2021-10-20","2021-10-20 16:06","3:56"
"496/E/10/21","E08","2021-10-20","2021-10-20 15:38","3:56"
"497/E/10/21","E08","2021-10-20","2021-10-20 15:52","3:56"
"498/E/10/21","E08","2021-10-20","2021-10-20 15:24","3:56"
"499/E/10/21","E02","2021-10-12","2021-10-13 13:51","1:01"
"501/E/10/21","E02","2021-10-12","2021-10-13 14:40","0:41"
"502/E/10/21","E02","2021-10-12","2021-10-13 14:33","0:36"
"503/E/10/21","E02","2021-10-12","2021-10-13 14:26","3:06"
"504/E/10/21","E02","2021-10-12","2021-10-13 13:58","0:54"
"505/E/10/21","E02","2021-10-12","2021-10-13 13:44","1:01"
"506/E/10/21","E08","2021-10-12","2021-10-13 07:44","5:02"
"507/E/10/21","E02","2021-10-12","2021-10-13 09:13","0:41"
"508/E/10/21","E02","2021-10-12","2021-10-13 13:37","1:19"
"509/E/10/21","E02","2021-10-12","2021-10-13 13:30","1:19"
"510/E/10/21","E09","2021-10-21","2021-10-22 10:37","4:40"
"511/E/10/21","E08","2021-10-21","2021-10-22 10:23","2:05"
"512/E/10/21","E05","2021-10-22","2021-10-22 09:51","1:04"
"513/E/10/21","E05","2021-10-21","2021-10-22 09:44","1:51"
"515/E/10/21","E08","2021-10-15","2021-10-15 18:32","1:15"
"516/E/10/21","E04","2021-10-15","2021-10-18 08:38","4:38"
"517/E/10/21","E04","2021-10-15","2021-10-18 08:01","3:50"
"518/E/10/21","E02","2021-10-15","2021-10-15 15:37","0:44"
"519/E/10/21","E02","2021-10-12","2021-10-13 08:17","0:56"
"520/E/10/21","E02","2021-10-13","2021-10-13 15:01","0:36"
"521/E/10/21","E02","2021-10-13","2021-10-13 09:34","0:36"
"522/E/10/21","E02","2021-10-13","2021-10-13 14:54","0:36"
"524/E/10/21","E07","2021-10-14","2021-10-15 10:08","2:21"
"525/E/10/21","E07","2021-10-15","2021-10-15 10:01","3:30"
"526/E/10/21","E07","2021-10-14","2021-10-15 09:54","3:32"
"527/E/10/21","E07","2021-10-14","2021-10-15 09:40","3:32"
"528/E/10/21","E07","2021-10-14","2021-10-15 09:19","3:32"
"529/E/10/21","E07","2021-10-14","2021-10-15 09:26","3:32"
"530/E/10/21","E07","2021-10-14","2021-10-15 09:33","3:32"
"531/E/10/21","E07","2021-10-14","2021-10-15 07:10","3:32"
"532/E/10/21","E07","2021-10-14","2021-10-15 06:49","3:32"
"533/E/10/21","E07","2021-10-14","2021-10-15 06:42","3:32"
"534/E/10/21","E07","2021-10-14","2021-10-15 06:35","3:32"
"535/E/10/21","E07","2021-10-14","2021-10-14 20:22","3:32"
"536/E/10/21","E07","2021-10-14","2021-10-15 07:03","3:32"
"537/E/10/21","E07","2021-10-14","2021-10-15 06:56","3:32"
"538/E/10/21","E07","2021-10-14","2021-10-14 20:29","3:32"
"539/E/10/21","E07","2021-10-14","2021-10-15 09:12","3:32"
"540/E/10/21","E07","2021-10-14","2021-10-15 09:47","3:32"
"541/E/10/21","E02","2021-10-13","2021-10-13 10:21","1:14"
"542/E/10/21","E02","2021-10-13","2021-10-13 12:13","0:56"
"543/E/10/21","E02","2021-10-12","2021-10-13 11:31","0:56"
"544/E/10/21","E02","2021-10-12","2021-10-13 08:45","1:40"
"545/E/10/21","E02","2021-10-12","2021-10-13 12:06","0:56"
"546/E/10/21","E02","2021-10-12","2021-10-13 08:38","0:56"
"547/E/10/21","E02","2021-10-12","2021-10-13 11:24","0:56"
"548/E/10/21","E02","2021-10-12","2021-10-13 11:59","0:56"
"549/E/10/21","E02","2021-10-13","2021-10-13 15:08","0:36"
"550/E/10/21","E02","2021-10-13","2021-10-13 16:39","0:45"
"551/E/10/21","E02","2021-10-13","2021-10-13 15:57","1:17"
"552/E/10/21","E02","2021-10-13","2021-10-13 15:50","1:17"
"553/E/10/21","E02","2021-10-13","2021-10-13 11:45","0:56"
"554/E/10/21","E08","2021-10-13","2021-10-13 16:32","4:46"
"555/E/10/21","E02","2021-10-13","2021-10-13 08:52","0:56"
"556/E/10/21","E02","2021-10-13","2021-10-13 15:22","0:36"
"557/E/10/21","E02","2021-10-13","2021-10-13 10:28","1:14"
"558/E/10/21","E02","2021-10-13","2021-10-13 12:20","0:56"
"559/E/10/21","E02","2021-10-13","2021-10-13 15:15","0:36"
"562/E/10/21","E02","2021-10-13","2021-10-13 08:24","0:56"
"563/E/10/21","E02","2021-10-13","2021-10-13 11:38","0:56"
"564/E/10/21","E08","2021-10-21","2021-10-22 07:31","4:23"
"565/E/10/21","E05","2021-10-11","2021-10-11 08:05","0:56"
"566/E/10/21","E06","2021-10-21","2021-10-21 12:42","1:52"
"567/E/10/21","E07","2021-10-20","2021-10-21 08:21","7:38"
"568/E/10/21","E05","2021-10-22","2021-10-22 11:05","3:49"
"569/E/10/21","E08","2021-10-21","2021-10-22 07:00","4:47"
"570/E/10/21","E05","2021-10-21","2021-10-21 16:54","0:27"
"571/E/10/21","E05","2021-10-22","2021-10-22 10:58","1:31"
"572/E/10/21","E05","2021-10-22","2021-10-22 10:51","1:31"
"573/E/10/21","E05","2021-10-22","2021-10-22 10:44","1:15"
"574/E/10/21","E06","2021-10-22","2021-10-22 10:30","4:13"
"575/E/10/21","E07","2021-10-22","2021-10-22 11:19","4:04"
"576/E/10/21","E07","2021-10-22","2021-10-22 11:12","2:16"
"577/E/10/21","E05","2021-10-22","2021-10-22 12:15","1:11"
"578/E/10/21","E03","2021-10-22","2021-10-22 12:08","4:54"
"579/E/10/21","E03","2021-10-22","2021-10-22 12:01","3:41"
"584/E/10/21","E07","2021-10-22","2021-10-22 11:33","4:25"
"585/E/10/21","E05","2021-10-22","2021-10-22 11:26","1:00"
"586/E/10/21","E02","2021-10-13","2021-10-13 16:46","1:37"
"587/E/10/21","E07","2021-10-20","2021-10-21 08:56","5:05"
"588/E/10/21","E06","2021-10-21","2021-10-21 13:17","4:15"
"589/E/10/21","E06","2021-10-21","2021-10-21 13:24","2:59"
"590/E/10/21","E08","2021-10-15","2021-10-15 18:39","1:42"
"591/E/10/21","E08","2021-10-20","2021-10-21 07:33","7:42"
"592/E/10/21","E05","2021-10-22","2021-10-22 13:18","1:11"
"593/E/10/21","E04","2021-10-22","2021-10-22 13:11","2:38"
"594/E/10/21","E04","2021-10-22","2021-10-22 13:04","1:40"
"595/E/10/21","E04","2021-10-22","2021-10-22 12:50","4:25"
"596/E/10/21","E04","2021-10-22","2021-10-22 12:57","3:01"
"597/E/10/21","E04","2021-10-22","2021-10-22 12:36","4:23"
"598/E/10/21","E04","2021-10-22","2021-10-22 12:43","2:43"
"599/E/10/21","E02","2021-10-22","2021-10-22 12:29","1:06"
"600/E/10/21","E02","2021-10-22","2021-10-22 12:22","1:00"
"601/E/10/21","E05","2021-10-22","2021-10-22 14:21","4:46"
"602/E/10/21","E05","2021-10-22","2021-10-25 07:13","4:46"
"603/E/10/21","E05","2021-10-22","2021-10-25 07:06","0:58"
"604/E/10/21","E05","2021-10-22","2021-10-22 13:53","4:32"
"605/E/10/21","E05","2021-10-22","2021-10-22 14:14","4:32"
"606/E/10/21","E05","2021-10-22","2021-10-22 14:07","4:32"
"607/E/10/21","E05","2021-10-22","2021-10-22 14:00","1:05"
"608/E/10/21","E05","2021-10-22","2021-10-22 13:46","4:10"
"609/E/10/21","E05","2021-10-22","2021-10-22 13:39","4:34"
"610/E/10/21","E05","2021-10-22","2021-10-22 13:32","1:25"
"611/E/10/21","E06","2021-10-22","2021-10-22 13:25","3:04"
"612/E/10/21","E06","2021-10-22","2021-10-22 11:47","1:25"
"613/E/10/21","E07","2021-10-22","2021-10-22 11:40","2:55"
"614/E/10/21","E05","2021-10-21","2021-10-21 18:11","1:09"
"615/E/10/21","E05","2021-10-22","2021-10-22 11:54","1:15"
"616/E/10/21","E05","2021-10-21","2021-10-21 18:04","1:22"
"617/E/10/21","E02","2021-10-22","2021-10-22 14:35","0:48"
"618/E/10/21","E05","2021-10-22","2021-10-22 14:28","1:16"
"619/E/10/21","E06","2021-10-15","2021-10-18 08:08","3:40"
"620/E/10/21","E02","2021-10-13","2021-10-14 06:01","0:55"
"621/E/10/21","E06","2021-10-13","2021-10-13 21:54","1:34"
"622/E/10/21","E02","2021-10-13","2021-10-13 16:53","0:34"
"623/E/10/21","E02","2021-10-13","2021-10-13 21:47","0:48"
"624/E/10/21","E02","2021-10-13","2021-10-14 08:12","0:36"
"625/E/10/21","E02","2021-10-13","2021-10-13 21:40","1:18"
"626/E/10/21","E08","2021-10-13","2021-10-14 07:02","4:46"
"627/E/10/21","E02","2021-10-13","2021-10-13 21:33","1:20"
"628/E/10/21","E02","2021-10-13","2021-10-13 21:26","1:02"
"629/E/10/21","E02","2021-10-13","2021-10-13 21:19","1:01"
"630/E/10/21","E02","2021-10-13","2021-10-13 21:12","0:54"
"631/E/10/21","E02","2021-10-13","2021-10-14 07:44","0:54"
"632/E/10/21","E02","2021-10-13","2021-10-14 07:37","0:54"
"633/E/10/21","E05","2021-10-22","2021-10-22 14:49","1:25"
"634/E/10/21","E03","2021-10-22","2021-10-22 14:42","0:40"
"635/E/10/21","E02","2021-10-13","2021-10-14 06:27","2:16"
"636/E/10/21","E02","2021-10-13","2021-10-14 06:08","1:35"
"637/E/10/21","E08","2021-10-22","2021-10-22 14:56","4:46"
"638/E/10/21","E02","2021-10-13","2021-10-14 06:34","0:46"
"639/E/10/21","E02","2021-10-13","2021-10-14 08:54","0:46"
"640/E/10/21","E02","2021-10-14","2021-10-14 09:44","1:52"
"641/E/10/21","E02","2021-10-14","2021-10-14 10:06","1:52"
"642/E/10/21","E02","2021-10-13","2021-10-14 09:37","3:31"
"643/E/10/21","E02","2021-10-13","2021-10-14 09:59","3:31"
"644/E/10/21","E02","2021-10-13","2021-10-14 10:55","1:14"
"645/E/10/21","E02","2021-10-13","2021-10-14 10:13","0:56"
"646/E/10/21","E05","2021-10-22","2021-10-22 15:31","0:50"
"647/E/10/21","E08","2021-10-22","2021-10-25 06:17","4:42"
"648/E/10/21","E08","2021-10-22","2021-10-25 06:38","4:42"
"649/E/10/21","E08","2021-10-22","2021-10-25 06:57","4:42"
"650/E/10/21","E08","2021-10-22","2021-10-25 06:24","4:42"
"651/E/10/21","E04","2021-10-22","2021-10-22 15:24","0:55"
"652/E/10/21","E04","2021-10-22","2021-10-22 15:17","0:53"
"653/E/10/21","E05","2021-10-22","2021-10-22 15:10","2:27"
"654/E/10/21","E05","2021-10-22","2021-10-22 15:03","2:05"
"655/E/10/21","E02","2021-10-22","2021-10-22 15:38","1:04"
"656/E/10/21","E05","2021-10-22","2021-10-22 15:59","3:14"
"657/E/10/21","E03","2021-10-22","2021-10-22 15:52","2:16"
"658/E/10/21","E03","2021-10-22","2021-10-22 15:45","1:29"
"659/E/10/21","E04","2021-10-19","2021-10-19 16:40","1:53"
"660/E/10/21","E04","2021-10-19","2021-10-19 16:33","1:34"
"661/E/10/21","E02","2021-10-19","2021-10-19 16:26","2:11"
"662/E/10/21","E02","2021-10-19","2021-10-19 16:19","1:39"
"663/E/10/21","E04","2021-10-19","2021-10-19 16:12","0:42"
"664/E/10/21","E02","2021-10-19","2021-10-19 16:05","1:06"
"665/E/10/21","E03","2021-10-22","2021-10-22 16:13","2:28"
"666/E/10/21","E02","2021-10-22","2021-10-22 16:06","3:13"
"667/E/10/21","E02","2021-10-13","2021-10-14 11:16","4:29"
"668/E/10/21","E02","2021-10-13","2021-10-14 09:01","1:17"
"669/E/10/21","E02","2021-10-13","2021-10-14 11:30","0:58"
"670/E/10/21","E02","2021-10-13","2021-10-14 09:22","1:01"
"671/E/10/21","E02","2021-10-13","2021-10-14 07:58","0:54"
"672/E/10/21","E02","2021-10-13","2021-10-14 07:51","1:01"
"673/E/10/21","E02","2021-10-13","2021-10-14 08:19","0:41"
"674/E/10/21","E04","2021-10-15","2021-10-15 18:46","1:03"
"675/E/10/21","E04","2021-10-19","2021-10-20 07:20","3:54"
"676/E/10/21","E04","2021-10-19","2021-10-20 07:13","3:54"
"677/E/10/21","E04","2021-10-19","2021-10-20 07:42","3:54"
"678/E/10/21","E04","2021-10-19","2021-10-20 07:35","1:09"
"679/E/10/21","E04","2021-10-19","2021-10-19 16:54","2:09"
"680/E/10/21","E04","2021-10-19","2021-10-19 16:47","1:53"
"681/E/10/21","E02","2021-10-13","2021-10-14 11:37","0:56"
"682/E/10/21","E02","2021-10-13","2021-10-14 12:12","1:17"
"683/E/10/21","E02","2021-10-14","2021-10-14 10:41","0:56"
"684/E/10/21","E02","2021-10-13","2021-10-14 12:05","0:59"
"685/E/10/21","E02","2021-10-13","2021-10-14 08:33","0:59"
"686/E/10/21","E02","2021-10-13","2021-10-14 08:26","0:36"
"687/E/10/21","E02","2021-10-14","2021-10-14 10:34","0:56"
"688/E/10/21","E02","2021-10-13","2021-10-14 10:27","0:56"
"689/E/10/21","E02","2021-10-13","2021-10-14 10:20","0:56"
"690/E/10/21","E02","2021-10-14","2021-10-14 12:54","1:03"
"691/E/10/21","E02","2021-10-14","2021-10-14 11:09","1:14"
"692/E/10/21","E02","2021-10-13","2021-10-14 14:04","1:01"
"693/E/10/21","E02","2021-10-14","2021-10-14 13:50","0:56"
"694/E/10/21","E02","2021-10-14","2021-10-14 08:47","0:36"
"695/E/10/21","E02","2021-10-13","2021-10-14 12:26","1:00"
"696/E/10/21","E02","2021-10-14","2021-10-14 13:43","0:56"
"697/E/10/21","E02","2021-10-14","2021-10-14 13:22","3:05"
"698/E/10/21","E02","2021-10-14","2021-10-14 13:36","1:03"
"699/E/10/21","E02","2021-10-13","2021-10-14 08:05","1:01"
"700/E/10/21","E05","2021-10-13","2021-10-14 13:57","1:12"
"701/E/10/21","E02","2021-10-13","2021-10-14 13:29","1:03"
"702/E/10/21","E02","2021-10-13","2021-10-14 11:02","1:14"
"703/E/10/21","E02","2021-10-13","2021-10-14 13:15","1:03"
"704/E/10/21","E02","2021-10-13","2021-10-14 13:08","1:23"
"705/E/10/21","E02","2021-10-14","2021-10-14 08:40","0:36"
"706/E/10/21","E02","2021-10-13","2021-10-14 13:01","2:22"
"707/E/10/21","E02","2021-10-13","2021-10-14 12:47","3:05"
"708/E/10/21","E02","2021-10-13","2021-10-14 12:40","1:26"
"709/E/10/21","E02","2021-10-14","2021-10-14 09:15","0:46"
"710/E/10/21","E02","2021-10-14","2021-10-14 11:23","1:19"
"711/E/10/21","E02","2021-10-13","2021-10-14 09:08","0:46"
"712/E/10/21","E02","2021-10-13","2021-10-14 12:33","0:56"
"713/E/10/21","E02","2021-10-14","2021-10-14 11:44","0:56"
"714/E/10/21","E02","2021-10-13","2021-10-14 12:19","1:00"
"715/E/10/21","E02","2021-10-14","2021-10-14 10:48","0:56"
"716/E/10/21","E02","2021-10-22","2021-10-25 07:20","4:34"
"717/E/10/21","E02","2021-10-22","2021-10-22 16:27","0:52"
"718/E/10/21","E02","2021-10-22","2021-10-22 16:20","0:59"
"719/E/10/21","E02","2021-10-19","2021-10-19 17:08","1:00"
"720/E/10/21","E02","2021-10-19","2021-10-19 17:01","1:32"
"721/E/10/21","E02","2021-10-19","2021-10-20 06:29","2:32"
"722/E/10/21","E04","2021-10-19","2021-10-20 06:22","3:01"
"723/E/10/21","E02","2021-10-22","2021-10-22 16:48","0:32"
"724/E/10/21","E05","2021-10-13","2021-10-14 11:58","4:19"
"725/E/10/21","E02","2021-10-13","2021-10-14 11:51","1:16"
"726/E/10/21","E02","2021-10-13","2021-10-14 09:51","1:19"
"727/E/10/21","E02","2021-10-13","2021-10-14 09:29","1:01"
"728/E/10/21","E05","2021-10-22","2021-10-22 16:34","1:23"
"729/E/10/21","E05","2021-10-22","2021-10-22 16:41","1:01"
"730/E/10/21","E06","2021-10-22","2021-10-25 06:31","4:06"
"731/E/10/21","E09","2021-10-15","2021-10-18 08:15","4:45"
"732/E/10/21","E07","2021-10-22","2021-10-25 07:27","3:32"
"733/E/10/21","E07","2021-10-22","2021-10-22 18:33","1:36"
"734/E/10/21","E07","2021-10-22","2021-10-22 18:26","1:22"
"735/E/10/21","E07","2021-10-22","2021-10-22 18:19","2:03"
"736/E/10/21","E05","2021-10-22","2021-10-22 18:12","1:19"
"737/E/10/21","E03","2021-10-22","2021-10-22 18:05","0:53"
"738/E/10/21","E05","2021-10-22","2021-10-22 17:58","0:55"
"739/E/10/21","E05","2021-10-22","2021-10-22 17:02","0:34"
"740/E/10/21","E07","2021-10-22","2021-10-25 08:37","3:01"
"741/E/10/21","E07","2021-10-25","2021-10-25 09:01","5:28"
"742/E/10/21","E08","2021-10-22","2021-10-25 08:02","4:26"
"743/E/10/21","E05","2021-10-22","2021-10-22 16:55","1:19"
"744/E/10/21","E02","2021-10-22","2021-10-22 17:51","1:16"
"745/E/10/21","E02","2021-10-22","2021-10-22 17:44","0:34"
"746/E/10/21","E02","2021-10-22","2021-10-22 17:37","0:36"
"747/E/10/21","E02","2021-10-22","2021-10-22 17:30","0:54"
"748/E/10/21","E02","2021-10-22","2021-10-22 17:23","0:45"
"749/E/10/21","E02","2021-10-22","2021-10-22 17:16","0:45"
"750/E/10/21","E02","2021-10-22","2021-10-22 17:09","1:00"
"751/E/10/21","E03","2021-10-22","2021-10-25 08:51","2:59"
"752/E/10/21","E05","2021-10-25","2021-10-25 08:44","2:32"
"753/E/10/21","E02","2021-10-22","2021-10-25 09:29","0:54"
"754/E/10/21","E02","2021-10-22","2021-10-22 18:54","0:36"
"755/E/10/21","E02","2021-10-22","2021-10-25 09:22","0:45"
"756/E/10/21","E02","2021-10-22","2021-10-22 18:47","0:45"
"757/E/10/21","E02","2021-10-22","2021-10-25 09:15","1:16"
"758/E/10/21","E02","2021-10-22","2021-10-25 06:45","1:16"
"759/E/10/21","E02","2021-10-22","2021-10-25 09:08","3:10"
"760/E/10/21","E02","2021-10-22","2021-10-22 18:40","0:36"
"761/E/10/21","E02","2021-10-25","2021-10-25 11:21","1:47"
"762/E/10/21","E02","2021-10-25","2021-10-25 11:14","1:00"
"763/E/10/21","E02","2021-10-25","2021-10-25 11:07","0:36"
"764/E/10/21","E02","2021-10-25","2021-10-25 11:00","1:16"
"765/E/10/21","E02","2021-10-25","2021-10-25 10:53","0:54"
"766/E/10/21","E02","2021-10-25","2021-10-25 10:46","1:01"
"767/E/10/21","E02","2021-10-25","2021-10-25 10:39","0:34"
"768/E/10/21","E02","2021-10-22","2021-10-25 10:32","1:01"
"769/E/10/21","E02","2021-10-25","2021-10-25 10:25","1:01"
"770/E/10/21","E02","2021-10-22","2021-10-25 10:18","0:45"
"771/E/10/21","E02","2021-10-22","2021-10-25 10:11","0:45"
"772/E/10/21","E02","2021-10-22","2021-10-25 10:04","0:45"
"773/E/10/21","E02","2021-10-22","2021-10-25 09:57","0:59"
"774/E/10/21","E02","2021-10-22","2021-10-25 09:50","1:20"
"775/E/10/21","E06","2021-10-22","2021-10-25 08:19","4:30"
"776/E/10/21","E06","2021-10-22","2021-10-25 08:30","4:30"
"777/E/10/21","E07","2021-10-22","2021-10-25 07:40","3:22"
"778/E/10/21","E03","2021-10-25","2021-10-25 11:28","2:29"
"779/E/10/21","E02","2021-10-22","2021-10-25 09:43","1:20"
"780/E/10/21","E07","2021-10-25","2021-10-25 09:36","4:00"
"781/E/10/21","E04","2021-10-25","2021-10-25 11:35","1:11"
"782/E/10/21","E08","2021-10-25","2021-10-25 11:42","1:15"
"783/E/10/21","E07","2021-10-22","2021-10-25 08:12","4:09"
"784/E/10/21","E08","2021-10-25","2021-10-25 12:38","4:23"
"785/E/10/21","E08","2021-10-25","2021-10-25 12:17","3:21"
"786/E/10/21","E08","2021-10-25","2021-10-25 12:10","3:21"
"787/E/10/21","E08","2021-10-25","2021-10-25 12:31","3:21"
"788/E/10/21","E08","2021-10-25","2021-10-25 12:24","3:21"
"789/E/10/21","E05","2021-10-25","2021-10-25 12:03","0:58"
"790/E/10/21","E03","2021-10-25","2021-10-25 15:05","4:44"
"791/E/10/21","E03","2021-10-25","2021-10-25 14:58","0:43"
"792/E/10/21","E03","2021-10-25","2021-10-25 14:51","4:29"
"793/E/10/21","E02","2021-10-25","2021-10-25 11:56","0:56"
"794/E/10/21","E08","2021-10-25","2021-10-25 11:49","4:46"
"795/E/10/21","E02","2021-10-25","2021-10-25 14:44","0:54"
"796/E/10/21","E02","2021-10-25","2021-10-25 14:37","1:18"
"797/E/10/21","E02","2021-10-25","2021-10-25 14:30","2:15"
"798/E/10/21","E02","2021-10-25","2021-10-25 14:23","1:09"
"799/E/10/21","E02","2021-10-25","2021-10-25 14:16","0:56"
"800/E/10/21","E02","2021-10-25","2021-10-25 14:09","0:56"
"801/E/10/21","E02","2021-10-25","2021-10-25 14:02","2:24"
"802/E/10/21","E02","2021-10-25","2021-10-25 13:55","1:14"
"803/E/10/21","E02","2021-10-25","2021-10-25 13:48","1:14"
"804/E/10/21","E02","2021-10-25","2021-10-25 13:41","1:14"
"805/E/10/21","E02","2021-10-25","2021-10-25 13:34","0:59"
"806/E/10/21","E02","2021-10-25","2021-10-25 13:27","1:00"
"807/E/10/21","E02","2021-10-25","2021-10-25 13:20","0:57"
"808/E/10/21","E02","2021-10-25","2021-10-25 13:13","3:08"
"809/E/10/21","E02","2021-10-25","2021-10-25 13:06","0:34"
"810/E/10/21","E05","2021-10-25","2021-10-25 12:45","1:17"
"811/E/10/21","E06","2021-10-22","2021-10-25 07:47","1:53"
"812/E/10/21","E06","2021-10-22","2021-10-25 07:54","1:53"
"813/E/10/21","E02","2021-10-25","2021-10-25 15:26","0:56"
"814/E/10/21","E02","2021-10-25","2021-10-25 15:19","1:27"
"815/E/10/21","E09","2021-10-25","2021-10-25 15:12","4:45"
"816/E/10/21","E05","2021-10-25","2021-10-25 12:59","1:48"
"817/E/10/21","E06","2021-10-25","2021-10-25 12:52","2:37"
"818/E/10/21","E07","2021-10-25","2021-10-25 15:47","3:54"
"819/E/10/21","E03","2021-10-25","2021-10-25 15:40","1:13"
"820/E/10/21","E03","2021-10-25","2021-10-25 15:33","1:21"
"821/E/10/21","E02","2021-10-25","2021-10-25 16:01","1:11"
"822/E/10/21","E04","2021-10-25","2021-10-25 15:54","0:42"
"823/E/10/21","E03","2021-10-25","2021-10-25 16:08","4:20"
"824/E/10/21","E03","2021-10-25","2021-10-25 16:22","4:20"
"825/E/10/21","E03","2021-10-25","2021-10-25 16:15","1:11"
"826/E/10/21","E02","2021-10-25","2021-10-25 16:50","0:41"
"827/E/10/21","E02","2021-10-25","2021-10-25 16:43","0:46"
"828/E/10/21","E02","2021-10-25","2021-10-25 16:36","0:45"
"829/E/10/21","E02","2021-10-25","2021-10-25 16:29","1:17"
"830/E/10/21","E07","2021-10-25","2021-10-25 17:18","2:09"
"831/E/10/21","E07","2021-10-25","2021-10-25 17:11","4:22"
"832/E/10/21","E07","2021-10-25","2021-10-25 17:04","3:58"
"833/E/10/21","E07","2021-10-25","2021-10-25 16:57","2:15"
"834/E/10/21","E02","2021-10-25","2021-10-25 18:00","0:55"
"835/E/10/21","E02","2021-10-25","2021-10-25 17:53","0:55"
"836/E/10/21","E02","2021-10-25","2021-10-25 17:46","0:55"
"837/E/10/21","E02","2021-10-25","2021-10-25 17:39","1:16"
"838/E/10/21","E02","2021-10-25","2021-10-25 17:32","3:43"
"839/E/10/21","E02","2021-10-25","2021-10-25 17:25","0:55"
"840/E/10/21","E02","2021-10-25","2021-10-25 18:14","0:41"
"841/E/10/21","E02","2021-10-25","2021-10-25 18:07","1:02"
"842/E/10/21","E03","2021-10-25","2021-10-25 18:21","0:29"
"843/E/10/21","E05","2021-10-08","2021-10-28","4:29"
"844/E/10/21","E05","2021-10-08","2021-10-28","1:23"
"845/E/10/21","E02","2021-10-08","2021-10-18","1:39"
"846/E/10/21","E02","2021-10-08","2021-10-18","1:03"
"847/E/10/21","E02","2021-10-08","2021-10-18","1:03"
"848/E/10/21","E02","2021-10-08","2021-10-18","4:23"
"849/E/10/21","E02","2021-10-08","2021-10-18","1:03"
"850/E/10/21","E02","2021-10-08","2021-10-18","1:17"
"851/E/10/21","E02","2021-10-08","2021-10-18","1:07"
